strat_0,strat_1,strat_2,strat_3,strat_4,strat_5,strat_6,strat_7,strat_8,strat_9,strat_10,strat_11,strat_12,strat_13,strat_14,strat_15,strat_16,strat_17,strat_18,strat_19,strat_20,strat_21,strat_22,strat_23,strat_24,strat_25,strat_26,strat_27,strat_28,strat_29,strat_30,strat_31,strat_32,strat_33,strat_34,strat_35,strat_36,strat_37,strat_38,strat_39,strat_40,strat_41,strat_42,strat_43,strat_44,strat_45,strat_46,strat_47,strat_48,strat_49,strat_50,strat_51,strat_52,strat_53,strat_54,strat_55,strat_56,strat_57,strat_58,strat_59,strat_60,strat_61,strat_62,strat_63,strat_64,strat_65,strat_66,strat_67,strat_68,strat_69,strat_70,strat_71,strat_72,strat_73,strat_74,strat_75,strat_76,strat_77,strat_78,strat_79,strat_80,strat_81,strat_82,strat_83,strat_84,strat_85,strat_86,strat_87,strat_88,strat_89,strat_90,strat_91,strat_92,strat_93,strat_94,strat_95,strat_96,strat_97,strat_98
-0.01557631,0.01229049,0.00166423,0.00263606,0.00843963,-0.01869932,0.02009114,0.02904230,0.02451376,0.01492178,0.01218009,-0.00558461,0.00612198,-0.00933607,-0.00985779,-0.01582047,-0.01006777,0.03318032,0.00996611,-0.01321793,0.01965213,-0.00577323,-0.00104908,0.00678175,0.01204180,-0.00334727,-0.04935875,0.01977707,-0.00609116,0.00892066,-0.02845796,-0.03796972,0.00163250,-0.03032983,-0.00414281,-0.02435758,0.02427072,-0.00108895,-0.00416055,0.01229755,0.00643216,0.00780964,-0.00484347,-0.01764508,0.00843550,-0.00912639,-0.00947887,-0.00361252,-0.00702171,0.00437039,0.03438412,0.00982751,-0.01890967,0.06401553,0.02322730,-0.01188796,0.01077104,-0.02569644,-0.00105707,-0.01609862,0.00377706,0.00996983,-0.01118489,0.00188188,-0.03650160,-0.00516320,-0.00019401,-0.01387880,-0.00662503,-0.02303041,-0.01698146,-0.01932292,0.01697558,0.01260427,-0.01578659,0.00866730,0.00886934,-0.02174932,-0.00260757,0.01309228,0.00028439,-0.03672602,0.02650420,-0.00461989,-0.01687431,0.00764420,0.01206162,0.00305924,0.00179345,0.02115539,0.00297374,0.01610374,0.01183577,0.00542111,-0.02277507,0.00323716,0.00971465,0.01411619,-0.04965502
-0.00946146,0.00710334,-0.00728218,0.01680690,0.03597080,-0.01109103,-0.00121928,0.01384501,-0.00879492,0.01111495,-0.01726069,-0.01976268,-0.00447022,-0.00120031,0.00410010,-0.01961431,-0.02766846,-0.00303715,-0.00912791,-0.00988956,0.02169172,-0.00762339,0.03013568,-0.00445060,0.01300867,0.00057396,0.01544276,0.00145589,-0.04430656,-0.01351154,-0.03489441,0.02106654,-0.00581777,-0.02113922,-0.01090662,-0.01965290,-0.00896386,-0.00032754,-0.02547047,0.00045312,-0.00633591,0.01432920,-0.00763437,-0.02697106,0.02355202,0.01159953,0.00531928,-0.01689917,-0.01311319,0.00249375,-0.00520877,0.00366795,0.00031274,0.00911883,0.02055680,-0.01529069,0.00589370,0.00169689,-0.01925254,-0.01882005,-0.00433513,0.00003509,0.03574069,0.02404113,-0.01188246,-0.01005546,0.01270307,0.01242278,-0.01032092,-0.00991008,-0.00533139,-0.01020311,0.04082757,0.00200117,0.00848845,-0.00400470,0.00124446,0.00273735,0.01365631,-0.00662736,-0.01077569,-0.01637136,0.00373778,-0.02429567,-0.03225897,0.00834676,0.00523490,-0.00654940,0.02340319,-0.00040877,-0.00382487,-0.00111386,-0.00773867,-0.00301602,0.01287697,-0.00478660,0.02801525,-0.01286184,-0.01834373
-0.00111293,-0.00512028,-0.02818012,-0.00791006,-0.00382090,0.01223299,-0.00347901,-0.02434931,0.02342910,-0.00151792,0.01332788,0.01178786,0.00653618,0.02333546,-0.00267797,0.00334761,-0.03512660,-0.00075351,-0.00315933,-0.02574392,-0.01454882,0.01487976,-0.02208955,0.00035364,0.03455056,0.00167631,-0.00157033,-0.00011078,0.01014376,0.01803619,-0.04416270,-0.02909907,0.01795157,-0.03440703,0.03169110,-0.01258705,0.00807580,-0.01652137,0.02821717,0.01417774,0.00634903,0.01148145,-0.01925765,-0.00916638,0.01626495,0.01740536,0.01860901,-0.00427363,0.01474281,0.01767954,0.01202060,0.00511223,0.00847882,0.03191558,-0.00809932,0.01310633,-0.00967301,-0.00268212,0.00262575,-0.00262404,-0.00495091,0.01445554,-0.01116209,0.01844207,0.03054456,-0.00658694,0.00768192,-0.00087677,-0.00247839,-0.01061249,-0.01125035,0.01121440,0.01796259,0.01015643,-0.01865582,-0.01157555,-0.02440880,-0.01424055,0.04087589,-0.04085276,-0.02274445,0.03818195,-0.02580459,-0.01615586,0.00188218,0.05444695,-0.00835236,-0.01931951,-0.02316509,0.01201769,-0.00017443,0.00525666,0.00934745,-0.01735388,0.00866480,-0.02653354,-0.00260845,0.00331813,-0.01678764
0.02283015,-0.00366114,0.00318314,-0.00895663,-0.00726207,-0.01089063,0.00115420,0.00207120,0.03363160,-0.00423336,0.03132221,0.00319468,-0.00703136,-0.01100984,0.01614646,-0.02182478,0.02266872,0.00218398,0.01069203,0.01601971,-0.00057779,0.02136924,-0.00644577,0.04008393,0.01193416,0.02231128,-0.00950096,-0.01067324,-0.00874553,0.01444580,-0.01114432,0.00172912,0.00353261,-0.00326252,-0.01154228,-0.00892518,-0.00339448,0.01337132,-0.01633989,0.00454925,0.00381382,-0.02816691,-0.02386740,-0.00335466,-0.02231445,0.00613261,0.00548792,-0.00503189,-0.00736927,0.01639398,0.03169854,-0.00670763,-0.00339985,0.03379464,-0.00660010,-0.01400470,-0.00253349,-0.00529668,0.00875985,-0.00294181,0.00568290,0.03579790,-0.00774899,0.02406843,-0.01124043,0.01286329,0.02568791,-0.00280347,0.00073346,-0.01496043,-0.02300697,-0.00536674,0.00134872,-0.00580264,-0.00909730,0.01210723,0.00739592,-0.02065617,-0.00197994,-0.03833549,-0.00048562,-0.02196649,-0.00198254,-0.01579521,0.00519660,-0.00289372,0.01165377,-0.00475896,-0.02929717,-0.00091153,-0.00522059,0.02793215,-0.02513822,0.01162215,0.00877816,-0.00019421,0.00811353,0.02127862,-0.01758325
-0.01723480,-0.01149904,-0.00172948,-0.01776089,0.02778138,0.01033072,0.00013416,0.00514147,0.00453769,0.00016716,-0.01645218,0.01256056,-0.01624438,0.01449340,0.00734870,-0.01780391,0.00150378,0.01289335,0.01062689,0.01581051,-0.02417640,0.01300240,-0.02568033,-0.01627509,0.00065078,0.01609697,-0.00084809,-0.00867100,0.04087140,-0.01179921,-0.00470096,-0.00631193,-0.01799633,0.05784816,0.01790470,0.00897422,0.00390786,-0.00172823,0.01611669,0.00058181,0.00068879,0.00954471,0.05283390,0.01163215,-0.00959007,0.00469097,0.01708857,-0.01300505,-0.01282217,-0.01390541,0.02552500,-0.00540929,0.00799736,0.05279952,0.04012246,0.00051794,0.01184929,0.01013903,0.01379384,-0.00256250,-0.02503058,0.03567044,0.01740336,-0.00657446,-0.03695597,-0.01177740,0.03469918,0.01594667,0.00081883,-0.02727187,0.01509852,-0.01554193,-0.00897072,0.00538177,-0.01374086,-0.01913111,-0.00904423,0.02533867,-0.04149057,0.00376109,-0.01669105,0.02681462,-0.00921648,-0.00339243,0.01722418,0.01077495,0.01073326,-0.00422260,-0.01144036,0.00063136,-0.00879996,-0.02146610,-0.01139732,0.00432357,-0.01670400,-0.00622694,-0.00215477,0.00558274,-0.02853715
0.03219924,-0.01314945,-0.02388067,-0.00176307,0.00729925,0.00758192,0.00357128,0.00039950,0.01297383,0.02076672,-0.01429338,-0.00945500,-0.00057458,0.01546855,-0.03395098,-0.00922550,0.02239274,0.01325229,-0.00272506,0.03168076,0.00178306,-0.00282485,0.01564191,0.01572074,-0.00021222,-0.01697609,-0.01456212,0.02478636,0.00119279,-0.00307863,-0.01720944,-0.01009365,-0.01680687,0.01648302,0.00964626,-0.00407451,-0.00144207,-0.00881536,0.01035018,-0.00897818,-0.00385553,0.00097706,-0.06292827,0.02312037,0.02150020,-0.00693935,0.00997534,-0.00394502,-0.02101453,-0.02742935,-0.02466770,0.00302271,-0.00592910,-0.00788179,0.00517528,0.01040342,0.00937707,-0.02817518,-0.00683253,0.03392105,0.01102282,0.02520658,-0.01258884,-0.01925792,-0.01158767,0.00294393,0.01011163,-0.00504915,-0.00417044,0.01050075,-0.01397751,-0.02227577,0.01182185,-0.02087493,-0.00858492,0.01386621,0.00350665,-0.00743257,0.01690728,-0.01625671,0.01017411,0.01194871,0.01044564,-0.00325686,0.00916002,-0.01021770,-0.00222321,-0.00774925,0.02339428,0.02281259,0.00599020,0.01533044,-0.00689869,0.01318597,0.01611790,-0.01006272,-0.00046916,-0.00979864,-0.00220094
-0.00220462,-0.01146965,-0.00576902,0.00162520,0.00816606,-0.00601547,-0.00635636,-0.01917671,0.01185742,0.02657835,0.01774404,0.00601999,0.00955512,-0.02416339,-0.02340271,-0.05620447,-0.03058955,0.00059987,0.01591509,-0.00158300,-0.00785051,0.00020037,-0.00188853,-0.01781834,0.00294251,-0.01397936,0.01624183,-0.01062082,-0.00093522,-0.00308579,0.01260298,0.00218271,-0.02551483,-0.02004770,-0.01073949,0.01292723,-0.00149730,0.00986049,-0.00985096,-0.00566237,-0.02390460,-0.00781800,-0.01359987,-0.01101639,0.02075505,-0.02225089,-0.00064299,-0.01584911,0.03438771,0.02592119,0.02865549,0.02096474,-0.01487360,-0.01614913,-0.00111874,0.00028646,-0.00450374,-0.01567301,-0.01462346,0.02673417,0.00106695,0.01469011,0.02008726,0.01719570,-0.00082813,0.00771384,-0.00432129,-0.01772821,-0.00174346,0.00660375,-0.00208838,-0.00690566,0.01950015,-0.00498373,-0.02242190,0.01518902,0.02112255,0.00886935,0.02635214,-0.02186841,-0.03398171,-0.00208223,-0.00509688,0.00519168,0.00593833,-0.00702126,0.00386976,-0.00873189,0.02580191,0.00388144,-0.02880086,0.02006527,0.00870994,-0.01768355,-0.00383158,0.02111878,0.01333355,0.00165174,-0.01899703
0.01491151,-0.00550140,0.01742506,-0.01738442,0.00104472,-0.03219179,0.00442712,-0.00607082,-0.01082167,0.00698456,-0.00735362,-0.00124541,0.02263055,-0.00767652,-0.00501347,-0.01953187,0.01123566,0.01861195,-0.02394333,-0.01927753,-0.04996383,-0.00711165,-0.00499346,-0.02825459,0.01154173,-0.01795116,-0.00239116,-0.00859212,-0.00136508,0.00789500,-0.01727966,0.01855226,-0.00506138,0.02090536,0.01602105,0.00216113,-0.03045175,-0.01047422,0.02352107,-0.01565805,-0.00907766,0.03768927,0.00925888,0.00696301,-0.00636842,-0.00454609,-0.02424400,0.00764205,-0.00902305,-0.00304079,0.00517144,-0.00875530,-0.00652145,-0.05503481,0.01700265,-0.00839155,0.00696334,-0.00832419,0.01994585,0.01088839,0.01321060,-0.01180379,-0.00565408,0.01651654,-0.00032036,0.01234130,0.01019137,0.01943154,-0.00009739,0.01333550,0.00775682,0.00049283,0.01916525,0.01274167,0.01058624,0.01467368,-0.01713497,-0.03412313,0.05456709,-0.00232676,0.00389499,0.00223286,-0.01956350,0.00483524,0.01477820,-0.01008566,0.00929691,0.02392355,-0.00728245,-0.00898051,0.00857842,0.00990786,0.00052186,-0.00920614,0.02070471,-0.01851215,-0.01305621,0.00617871,-0.02020954
0.01193181,-0.00205248,-0.00963583,-0.03201696,0.01172557,0.03139073,-0.01075067,0.01568603,-0.00346728,-0.02397721,0.00859835,0.00208986,0.00400883,0.00033283,-0.03943354,0.00751407,-0.08287475,-0.02053136,-0.00571692,0.00019323,-0.00494413,-0.02461118,-0.00205506,-0.02648150,-0.00908697,-0.00147235,0.00652668,0.01073007,0.04732060,-0.00563470,-0.02016893,-0.00354760,-0.01412230,-0.00786514,-0.00060965,-0.01219304,0.00513429,0.00780584,-0.02458595,0.01679829,-0.00548679,-0.05082592,0.01511554,0.00657433,0.00889763,-0.00095547,0.00002383,-0.02381127,0.01695294,0.03343087,-0.01109534,0.01913885,0.01514701,-0.00709737,0.01171097,0.01013729,0.00446270,-0.02473504,-0.00420515,-0.00913912,0.00866739,0.03906662,-0.00979099,0.00388074,-0.00813554,0.01736070,0.00426151,0.00296024,-0.00531939,-0.00509182,-0.00587523,0.01081910,-0.03741740,-0.00614475,0.01615139,0.00856262,0.00845403,0.00069791,0.00856001,0.00638369,-0.04010731,0.02469420,0.02270790,0.00354650,-0.02467348,-0.03171441,0.00998462,-0.02609083,0.03715062,-0.03128979,-0.02270389,-0.01328083,-0.00728011,0.00954364,-0.00857130,0.01096539,-0.01150827,-0.02029147,-0.02339676
0.01203368,-0.00631868,0.00176419,-0.00722143,-0.00879548,0.02292601,0.02157356,0.00140587,0.00923741,0.01457218,0.00124545,0.00723787,-0.01283434,0.00318809,-0.00709528,-0.00458095,0.07243836,0.00475707,-0.00615345,-0.01439584,0.01109262,0.00279981,-0.02179365,-0.03884416,0.00117918,0.00693589,-0.00391094,-0.01983673,0.00808426,-0.02270398,-0.02470479,0.02359460,-0.00733122,-0.02401767,-0.02009203,-0.03824030,-0.01464890,0.00041879,0.00141049,0.00848560,0.01016080,0.06614082,0.00340830,-0.00061461,-0.00517223,0.00042567,0.01503093,-0.02757035,-0.00359936,0.01964769,-0.00745793,-0.03100817,-0.01311513,-0.01757783,0.03922208,-0.00979942,0.00455431,0.02250549,-0.03808032,0.01166687,0.00263915,0.02421930,-0.00066353,-0.02272464,-0.00192392,-0.00347297,0.01801547,-0.01362860,-0.01056976,0.01836078,0.01823386,0.01518383,0.03034434,-0.00245695,-0.00156251,0.00891036,-0.00910949,-0.01928716,-0.01436744,0.02099957,0.02058312,-0.01779427,0.00499301,0.01663363,-0.00599146,0.01056711,-0.00011574,-0.01594814,0.00956180,0.01533375,0.00279510,0.00963482,-0.00284820,-0.02181316,0.00636975,0.02927515,0.00729582,0.03233081,0.02334507
0.02029826,0.00045276,0.02582492,0.00237135,-0.00473465,0.02112957,-0.01920635,-0.06190579,0.01780692,-0.00739312,0.01302138,0.00944805,-0.01346664,-0.01551312,0.00329440,0.00346154,0.03712199,0.01597494,-0.00645599,0.01297940,-0.01496049,0.02201341,-0.01479327,-0.00300410,0.04054311,-0.02857326,0.00794704,0.01663584,0.01355368,0.01511280,0.01117832,-0.02220548,0.01440583,0.03485236,-0.01356100,0.02717041,-0.01253778,-0.01613398,0.04577589,0.03920791,-0.01683676,0.01921066,0.00200899,0.02064673,0.00452489,-0.01635139,-0.01777570,-0.01934931,-0.00455825,0.01194938,-0.01006790,-0.00682013,0.02047216,0.00579185,0.01689585,0.01222724,-0.00257264,-0.01184178,0.01156808,-0.00528400,0.01521264,0.00461717,-0.02392108,0.00290828,-0.00363497,0.00551778,0.02648943,-0.00031622,0.00335854,-0.02896118,0.01410479,-0.00571297,0.00837742,0.01339212,-0.03375925,0.01172774,-0.00547079,0.00756864,-0.01582589,-0.00031924,-0.00912419,-0.00376482,0.02900319,-0.01185109,-0.00061302,-0.01507672,0.01814187,-0.01827579,-0.01891685,-0.00550881,0.00340796,0.02969075,0.00529906,-0.01376867,0.01368555,0.03826657,-0.00068358,-0.01480174,-0.02346588
-0.01430481,-0.00804940,0.01052045,0.02452931,0.00200601,-0.02284859,-0.00663179,0.03429580,-0.02433704,0.00954259,0.01285844,-0.00446767,-0.00182152,-0.00079925,-0.02616122,0.00541219,-0.04479898,0.00159820,0.02028429,0.01120386,-0.00448863,0.01714202,0.03119271,0.01762312,-0.00752790,0.00027531,-0.00314600,0.01090860,0.03385605,-0.02175425,-0.00716671,0.00453782,-0.00845830,0.02056235,0.02326517,0.00823178,-0.03483421,0.00642168,-0.02876602,0.00877657,-0.00797500,0.01853484,-0.03240983,-0.00123530,0.01420943,-0.00139082,0.04134491,-0.00319217,0.02434442,0.01141265,-0.01329963,0.01624129,0.02951059,-0.00497980,-0.01363159,-0.00270748,-0.00302672,0.03821111,-0.00731373,0.00430101,-0.01498736,-0.02028845,0.00068356,-0.00600326,-0.00677479,0.00237414,0.01364501,0.00566402,-0.00133930,0.00487886,-0.02262954,0.00588870,-0.01369619,0.00380447,0.02718276,0.00856156,-0.02527516,-0.01283033,0.00323514,0.01225716,-0.00300009,0.01676290,-0.01025620,-0.00682551,0.00189293,0.02639801,0.01243825,0.01682456,0.00187648,0.00526123,-0.01079941,0.00974666,-0.01560345,0.01830061,-0.02832318,0.03142278,0.00401427,0.02552481,-0.01609557
0.00376785,0.00428542,0.01881308,0.01042253,0.02443195,0.01372780,0.01081772,-0.01151420,-0.00328322,-0.01123987,-0.00030920,-0.00444950,-0.01609253,0.00632924,0.03001196,-0.02200066,-0.01941544,-0.00289688,0.00458094,0.00961232,0.00918243,-0.00791392,0.01441257,0.05914143,-0.00903306,-0.01700567,-0.01339260,0.00024803,0.01121121,0.01996149,0.00382868,0.00821554,-0.00260231,-0.00034054,-0.00249059,-0.01112560,-0.02430197,-0.01613588,-0.00394455,0.00173637,0.00064174,-0.02712416,-0.02215664,0.00793992,0.00340108,-0.02247130,0.01488263,0.00246790,0.00871800,0.00714973,0.02711869,0.03448675,-0.00193039,-0.06074332,-0.01009655,0.00749193,-0.00018739,-0.00870247,-0.01878336,0.00073198,0.01307236,0.01472275,-0.00766008,0.01430383,0.01333505,0.01452894,-0.01855239,-0.01617467,-0.00158788,0.01518496,0.00120433,0.00383353,-0.02599458,-0.01650874,-0.00848796,-0.00924052,0.00686977,-0.01936116,-0.02475522,-0.02642999,-0.00515522,-0.00517806,0.02173792,0.01596538,0.00312524,0.03173336,-0.00001211,0.01941417,0.02825495,-0.02956734,0.00548274,-0.00047458,-0.01508981,-0.00173178,-0.01660677,-0.00562182,0.01171734,0.03240295,-0.03252114
0.00732954,0.01818631,0.00608986,0.03501573,0.00726999,-0.00329748,-0.01183383,-0.04265576,0.00701797,-0.00811179,0.02772192,0.00427156,0.02635679,-0.01531815,-0.02901695,-0.04147745,-0.01274007,-0.00000721,-0.00291081,-0.01319042,-0.01495418,-0.00485786,0.01167462,0.01731804,0.02938187,-0.02313261,0.00992154,0.00775943,0.00620473,-0.00181074,0.03300394,-0.04176451,0.00084883,0.04258894,0.00892070,0.02015051,0.00791900,-0.00146938,0.00806664,0.00388667,0.00292533,-0.00505615,0.00810853,0.01342926,0.00306942,-0.01282412,0.00369647,-0.01410119,0.01104462,-0.00998727,0.04259687,0.01791469,-0.03537442,-0.04435833,0.00829718,0.00389619,-0.01666094,-0.01471096,0.01719711,-0.01046010,0.00999123,0.01872015,-0.00508867,0.01175086,-0.00062910,-0.00136008,-0.01414829,-0.00502310,-0.00212011,-0.01900031,0.00173568,-0.00092554,0.00475607,0.01126511,-0.00189938,0.00305240,-0.00867056,-0.01983534,0.00418940,0.02183263,0.04780842,0.03479431,-0.00773189,-0.00316653,-0.00764364,-0.00432272,0.00549658,-0.00709948,-0.00770513,0.00661130,-0.01421886,0.02875817,0.00592030,-0.00343742,-0.00204818,0.00252109,-0.01291471,-0.00820396,0.01562643
-0.00513010,0.01037276,-0.01363071,-0.00895810,0.03220923,-0.00735807,-0.02192685,0.00023640,-0.01153581,0.00401817,0.00672897,-0.03157851,0.01626123,0.00088762,-0.01576891,-0.00528371,-0.01912405,0.00485883,-0.01976134,-0.00473949,-0.01530100,0.00012858,0.02181242,-0.01992754,0.00334833,-0.00213143,0.02594251,0.02447785,0.02427289,0.00207659,0.05695310,0.00739339,0.00642129,0.01440356,-0.00798582,0.00071799,0.00039686,-0.01569989,0.00651225,-0.01538890,-0.01748229,-0.04132438,0.01819145,-0.00199877,-0.00910504,0.01408920,-0.02756158,0.00406218,0.01633605,0.00570099,0.00565171,-0.00365350,0.03763692,-0.02190096,0.01502519,0.01483808,-0.00500988,0.01570388,0.00635854,-0.02936245,0.01527770,0.00159922,-0.00600229,-0.00666424,0.01589888,0.01589354,0.01640327,-0.00152879,-0.00194788,-0.01018033,0.00496116,0.02174228,0.02645074,0.01330331,-0.00761260,-0.00550616,0.00199914,0.00490244,0.02553381,-0.03795859,-0.00619448,0.01379845,-0.00801023,0.00073542,0.00635993,0.01910253,-0.01653223,-0.01806969,0.00102140,-0.00414729,-0.02178076,0.00019572,0.00353285,-0.01178159,-0.00256936,-0.01024744,-0.01373665,0.01893723,-0.00423196
0.00301928,-0.01450460,0.00096378,0.00560956,-0.00720167,-0.01344833,0.00701454,-0.01595812,-0.00413523,0.00923864,0.01091908,0.00906105,0.00811405,-0.00877766,0.01022669,-0.01121857,-0.01349897,0.00488396,0.02892764,-0.03023758,-0.00926428,-0.00221570,0.00431329,0.02423948,0.01516323,0.02775463,-0.00259971,0.01365762,0.00855264,-0.00053034,-0.06355281,-0.00527706,0.00557091,0.00663715,-0.00600716,-0.00246601,-0.00747670,0.00868711,0.00832402,0.02235238,0.03128252,-0.01243099,0.00444575,-0.01253392,-0.00529911,0.01662827,0.00102947,-0.04553451,0.01626685,-0.01126195,0.03327088,0.03061663,0.03991812,-0.00719715,0.01757317,-0.00433076,-0.00568455,-0.01670297,-0.00896073,-0.02587139,-0.01582250,-0.02818071,0.00365241,-0.01303215,-0.02481562,0.00853349,0.00512969,-0.03674123,-0.01496638,-0.02652677,-0.02137663,-0.04849964,0.02466704,-0.01086220,0.00730148,0.01006106,0.00896684,-0.02480355,0.04704186,0.00638865,0.00919362,-0.01147955,-0.00575914,0.00259522,0.01732914,-0.06792751,-0.03233221,-0.00741287,-0.02387114,-0.03177856,-0.02378445,-0.00872404,-0.00787118,0.01091152,-0.00546118,0.01834358,0.02991053,0.01740140,0.02144017
0.02401680,-0.00954894,0.00514068,-0.00322742,0.00483259,0.02061732,0.00493673,-0.02318602,0.01532234,-0.02341563,-0.01868562,0.00413044,0.01891032,-0.00079591,-0.01906694,-0.01764288,0.00632490,0.01370428,-0.00420789,-0.01836712,0.00397362,-0.01063788,0.00464593,0.01897135,0.04306145,-0.00402973,0.02816730,0.01479883,0.01854476,-0.00242168,0.01755654,0.00617703,-0.01294758,-0.05029023,0.00801910,0.03144849,-0.00204250,-0.00923114,-0.02498356,-0.00477054,0.02156311,-0.00558298,0.01024934,-0.01863432,0.01087529,0.00005289,-0.01953176,-0.01005318,-0.00509729,0.02862360,0.02753610,0.01318432,0.00626402,0.06560452,0.01086768,0.00741878,-0.00556458,-0.05420700,-0.05653676,0.01118908,0.00414563,-0.00827367,-0.01496695,-0.01533063,0.00951991,-0.00579733,-0.00248010,0.02991309,-0.01707793,0.01120313,-0.01588314,-0.02986784,0.01654946,0.01418459,-0.02478049,0.00090996,0.01986083,-0.01483550,0.00232350,-0.01254260,0.01207053,0.01412990,0.00926187,-0.01629511,-0.01294570,-0.00279159,0.00454324,0.02814955,-0.01836946,-0.02009268,0.01840936,0.01314835,-0.01303193,0.00556691,-0.01369643,0.02601057,0.00613674,0.00443040,0.01592300
-0.01094615,0.01045790,-0.00763674,0.03667905,-0.03362362,0.00370484,-0.00363782,0.00481542,0.01154142,-0.00597152,-0.01200665,0.00289591,0.00295637,-0.00762917,0.00914673,-0.01669266,-0.02582966,0.01316544,-0.02398035,-0.01305192,0.01068233,0.00655711,-0.01970853,-0.00397347,0.00103999,0.01282993,0.02035196,0.00982504,-0.03858402,0.00299259,-0.03403197,0.01957328,0.01002270,0.03687478,0.00526737,0.00810420,-0.01485896,0.00011015,0.00048438,-0.04294521,-0.00288275,0.00795828,0.04674690,0.00540232,-0.01451466,0.00446501,0.00535011,-0.01238669,-0.00257700,0.02147686,-0.01653544,0.00381355,0.03324822,0.00054313,0.00043768,-0.00725029,-0.00457311,0.01022111,-0.01481467,0.00295432,-0.00200514,0.00879470,-0.00500975,-0.00890789,0.00066581,-0.01152980,-0.03100388,0.02854670,-0.00724394,-0.01821255,0.00749099,-0.00569425,0.01309443,0.00236005,0.00089115,-0.00912864,0.01837780,0.01028598,-0.03914371,-0.00521253,-0.01386397,-0.00154324,0.00141537,-0.00817411,-0.04006846,-0.00898604,0.01506724,-0.04068160,-0.00153746,-0.01565739,0.00524392,-0.00419399,0.00739602,-0.00205976,0.02652859,-0.01199392,0.01606117,0.02987377,0.01740986
0.01701672,-0.02109130,-0.00704683,0.00767701,0.01014361,-0.00085204,-0.00069864,0.03679572,0.00848487,0.01457979,-0.03163935,0.00279653,0.00142819,-0.00285045,-0.02407570,0.01169467,-0.03811811,-0.00201433,-0.00155631,-0.02147463,0.00214709,-0.01617939,-0.01593447,-0.02448901,0.01073710,-0.00091524,0.00177342,-0.00054947,0.04816524,-0.00055186,-0.00314332,0.00305200,0.00227825,-0.04372447,-0.00145120,0.02210986,0.00433860,0.00960756,-0.01516296,-0.02895235,0.00143850,-0.00630921,-0.01100644,0.00047881,-0.02844965,0.00618996,0.01126695,0.00092706,0.02115838,0.00988444,0.00018310,0.00329561,-0.00989500,0.00198319,0.01191567,-0.01081582,0.01592959,0.03325085,0.01889125,0.01661173,0.00869500,0.02426755,0.00891935,0.00080576,-0.00522734,-0.00582137,0.00276248,0.00151856,0.00081650,-0.00246151,-0.01406368,0.00547995,0.01713717,0.00080759,-0.01199263,0.01534896,-0.01366943,0.00357459,0.00260769,-0.00874187,0.02588376,-0.02066496,0.00528757,-0.00898245,0.03278288,0.03137529,-0.01098773,-0.00321770,-0.03508455,-0.01392513,0.01108627,-0.02715303,-0.01006677,0.01335030,0.00575200,0.01965169,0.02781829,0.01653697,-0.00257691
-0.00054504,-0.00648761,0.00819507,-0.03752987,-0.04244052,0.00441595,-0.00783272,0.01242273,-0.00585344,-0.00436490,0.01481419,-0.01691313,-0.00687398,-0.00290084,0.03334046,-0.02128367,0.04210341,0.00516186,0.01224109,-0.01039677,-0.00787778,0.00530881,0.02259539,-0.04063877,-0.01025847,-0.00641474,0.02240906,0.00068397,-0.01423808,-0.00661924,-0.03547608,-0.00555983,-0.01361201,0.00522118,-0.01708257,0.02182922,0.00509633,-0.01345096,0.04788676,-0.00500973,0.00224772,-0.00255348,0.00676712,-0.00434478,0.00642299,0.00617368,0.02929628,0.01134590,0.03500348,0.01882061,0.02633741,0.01524814,0.00823968,-0.01240417,0.02975739,0.00433382,-0.01322957,-0.03050817,-0.00764114,0.01032127,0.02281835,0.00131202,-0.00043329,-0.00399661,-0.01990423,-0.00445648,0.01633089,0.00340590,-0.01239890,-0.01055721,0.01093361,0.02720038,0.01267728,-0.01681095,-0.02358162,0.02481647,0.00383979,0.01301615,-0.03618671,-0.00812667,-0.03716917,0.02674912,-0.03139738,0.01714745,-0.01121789,-0.01279190,0.01640610,-0.00899926,-0.01226103,-0.02016260,0.02139062,-0.00233542,-0.01124484,-0.01884241,-0.01385651,0.01453551,0.00915744,0.01273131,-0.03722880
-0.00416986,-0.00277554,-0.01254971,-0.01103475,0.01952560,0.00185043,0.01206455,-0.03563176,-0.03515453,-0.00775603,-0.00928061,-0.00161179,0.00386630,0.02044854,-0.01884714,0.00158717,0.02521398,-0.00433557,-0.02882064,0.00147082,0.01098297,0.02391352,-0.01836483,-0.01950012,-0.00041232,0.00441351,-0.01433556,0.00522660,-0.01300114,0.00866205,-0.04008246,-0.02690930,-0.00226650,0.00897951,0.02367555,-0.00664156,0.00644442,-0.00987655,-0.00283349,-0.03169261,-0.02118878,0.00266720,0.01289666,0.00117147,0.01932766,-0.00837797,0.02892682,0.03626419,-0.00240250,0.03134113,0.02568873,0.01597252,-0.01682023,-0.02060682,0.00534319,0.00923679,-0.01613231,0.00843226,0.00797180,0.03297763,0.00184860,-0.01388559,-0.00845457,-0.02823969,0.01068242,-0.01453103,0.01526846,0.00390764,-0.00562776,-0.01931845,0.00860190,-0.00120393,-0.00239861,0.00977400,0.01339481,-0.00580068,0.03159261,-0.00649979,0.01388742,-0.00572049,-0.00695519,-0.02437138,-0.01516557,-0.01438281,-0.01650849,0.02594638,-0.00381293,-0.01923853,0.00479921,-0.00563178,-0.02525474,0.00109056,-0.01463048,-0.00002152,-0.01500252,0.01840028,-0.03735181,0.03391281,-0.02711424
-0.00453252,-0.00626371,-0.00540248,-0.02454603,0.01781324,0.01391742,0.01874890,-0.00672059,-0.00168437,0.00005601,0.00504790,0.00342586,-0.01019440,0.02529117,-0.03125857,0.00554401,-0.00852618,-0.02538409,-0.00853249,-0.02133457,0.00618832,-0.01227931,-0.01238371,0.00185064,0.00292067,-0.01409757,0.02917912,0.01114100,-0.01462883,-0.00017104,-0.03131553,-0.00228947,-0.01662723,-0.01410294,-0.01339906,-0.01084229,0.00396275,-0.01316908,-0.04827855,-0.02119322,0.00198553,-0.01888147,0.01145271,0.01249750,0.02601544,0.00354762,-0.00907363,-0.00591177,0.03906242,-0.02438324,-0.01369638,-0.01520067,0.01871831,0.01822121,0.00726779,0.00757072,-0.01506485,0.02132507,-0.00469932,0.00382378,0.00555539,-0.04188001,-0.01128711,0.02211108,0.01042529,-0.00029131,-0.00283222,-0.01737589,0.00058241,-0.00808835,-0.00800389,0.00553797,-0.01115951,0.00667599,-0.00518215,-0.00706777,0.00608991,0.01721882,0.03170125,0.02909705,-0.00257822,0.02337982,0.02395909,-0.01144616,-0.02981865,0.02302922,-0.01524993,0.00494417,-0.00424544,0.00695142,-0.01467539,0.02374938,-0.00019326,-0.01087411,-0.00259940,-0.00030147,0.01646479,0.01858178,-0.02554775
-0.01397306,-0.00569850,0.00501159,0.01840992,-0.00836576,-0.03217461,0.00459613,-0.01100644,0.03140336,0.02297451,0.00233923,0.00302375,-0.00451100,0.02503008,0.01023820,0.01131539,-0.00948608,0.02253045,-0.01273658,-0.01955141,-0.00249187,0.00129621,-0.01791921,0.03215396,-0.03024801,-0.02985670,-0.01216181,-0.00379185,-0.02766306,0.02294069,-0.02337570,0.02398552,-0.00997273,-0.03062916,0.02038276,0.01458077,-0.02544655,-0.01181560,0.00857014,0.01411523,0.00377307,-0.00608311,-0.00201240,0.00911632,-0.00393343,0.00468474,-0.01115055,-0.06460061,0.00377761,0.00982357,-0.02088099,0.00076659,0.00672579,0.03389112,0.00366900,0.00608123,-0.00460550,0.00309088,-0.00208124,-0.00130408,-0.00359508,0.03856385,-0.03260084,-0.02328291,0.02940000,-0.00211956,0.00060359,0.00858779,0.01301881,0.00316116,0.00139905,-0.00104376,-0.00383924,0.00856241,0.01394099,-0.01007665,0.00518856,-0.00966933,0.02482126,0.01898479,-0.00553077,-0.00167872,0.02309265,0.00215477,-0.00109117,-0.06020808,-0.00123289,-0.00620251,-0.07579626,0.00458204,0.00863508,-0.00959979,0.00283176,0.02125588,0.00165139,-0.01820379,-0.01572481,0.00617992,-0.01097256
0.00792359,0.00025733,-0.02045744,-0.01395531,-0.02030513,-0.00713303,0.01070116,0.01405861,0.03750869,0.01438874,0.01157082,0.02314798,0.00161860,-0.02457785,-0.00119929,-0.02915434,-0.01138958,0.02646216,0.00398364,0.00174070,-0.02959944,0.00375918,0.00411209,-0.01902615,0.02309005,-0.02691487,-0.05163870,0.00962525,0.02928065,-0.00702864,-0.05396588,-0.05417366,-0.00859808,0.00398647,0.00444949,0.01302432,-0.01357870,0.01285669,0.03042609,0.01535315,0.00387791,-0.01575090,0.02124702,-0.00380403,0.00039894,0.00431039,0.00983030,-0.00293881,0.00166060,0.00914502,0.01870162,0.00396797,-0.02201963,0.05852061,-0.00358852,0.00126418,-0.00092800,0.02491185,-0.00378188,-0.01619106,0.00635500,0.00103505,-0.00180005,-0.01574855,0.00005947,-0.01762074,-0.00801799,-0.01524647,-0.01597799,-0.00075168,-0.01426899,0.01253339,0.01232547,0.00654203,-0.03207748,-0.01540265,0.00689133,0.00751505,-0.02628618,0.01029998,-0.01074697,0.03370753,-0.02336638,-0.01275279,-0.00406134,0.00860842,-0.01796989,-0.02230041,-0.02886135,-0.00797604,0.00854367,0.02091307,-0.01799820,-0.00140005,0.01127290,-0.00048204,0.00932861,-0.01309146,-0.01871614
-0.03937886,-0.00264774,-0.01273222,0.00492377,-0.01488227,-0.02190412,0.00237866,-0.05030638,0.02457177,0.00872718,-0.03459258,-0.00415316,0.00391452,0.00867117,-0.04218809,-0.01088083,-0.00507668,0.00508372,-0.00709305,-0.00429639,0.01191723,0.01191456,0.00204934,0.00282022,0.01489594,-0.00677915,-0.00078089,-0.00120179,-0.00306013,0.00742550,-0.02102477,0.01917536,-0.01407189,0.01778689,-0.00659422,0.00327574,0.00776762,0.00102091,0.00384933,0.01092004,0.00836298,-0.00980955,0.01477014,-0.00133663,-0.00821298,-0.00687044,0.00130733,-0.00800847,0.02830231,0.01351312,-0.00864971,-0.00422170,-0.01864117,0.01635852,0.00697518,0.01310911,0.00503993,-0.00280747,0.02245224,0.00358168,0.01289831,-0.01371312,-0.00657716,-0.00620502,-0.01125828,-0.01859092,-0.00356186,-0.03451065,0.00796324,-0.02593093,-0.00449710,-0.01155087,-0.01823990,0.00194297,0.00851045,0.00703834,-0.00015675,-0.01189886,-0.03070704,-0.00604208,-0.01859372,0.01099352,0.01490760,-0.00001898,0.01996580,0.04669613,0.01318300,0.03044401,-0.00869041,0.00691878,0.01227357,0.00614822,-0.00283290,-0.01985766,-0.01099649,0.02053530,-0.01261377,0.00557747,-0.00170595
-0.00963801,-0.01213810,0.00221087,-0.00389038,-0.02244888,0.00259170,0.02047323,0.01564283,-0.02635717,0.00300297,-0.02087104,0.00534717,0.00671795,-0.00161092,0.00536255,0.03576772,-0.00841795,-0.00368656,0.02298919,0.00522723,0.00001716,-0.01384658,0.00070194,0.01188564,0.00942537,0.00208692,0.00589799,0.00562503,-0.02952784,-0.00333033,-0.02119940,0.00994885,-0.00223601,-0.01886059,0.00159829,0.00703651,0.01367132,-0.00438525,-0.01789204,0.01395804,-0.01308885,-0.00475043,0.00926481,0.01281472,0.01263201,-0.01116179,-0.00391468,0.00173144,-0.00769751,0.00317080,0.00425169,0.03177729,-0.02035195,-0.01118548,0.01528072,-0.00693803,-0.01899926,-0.01520573,-0.00088823,0.00812216,0.01162905,-0.03526907,0.00941013,-0.01149175,-0.00511701,0.00422346,0.01091585,-0.00213637,0.00049835,0.00443859,0.03407257,-0.00181611,-0.00619838,-0.00619148,-0.01494252,0.00574451,0.01561164,-0.01816560,-0.01786906,0.00491368,0.00408014,0.01194450,-0.00197610,0.01184781,-0.00552959,0.01904047,0.00343777,-0.02458003,0.03641687,0.03601241,-0.02051716,-0.01978914,-0.01251736,-0.00643732,-0.01419764,0.00808569,-0.00936224,-0.01955190,0.00927050
0.00102625,0.01578302,0.02308775,-0.00767343,-0.00639390,-0.02455069,-0.01008821,-0.02409601,0.01350119,0.01269710,-0.00762651,-0.01444462,-0.00224635,-0.01044791,0.01655338,0.03866888,-0.02154178,-0.00705086,0.02508664,0.01429414,-0.00079022,-0.03091053,-0.03952671,-0.01638393,0.01535044,-0.00039824,0.00027450,0.00340989,-0.01430052,-0.00432538,0.01545793,-0.00186975,0.00368322,-0.01601572,0.01678785,-0.00508200,0.01889244,-0.01190106,-0.01717200,0.01124484,-0.01814443,0.00681941,-0.02395769,-0.00723331,0.00077472,-0.00050939,-0.01722195,0.00274665,0.02078136,0.02428095,-0.00505171,0.01940635,0.01184106,0.00915013,-0.00581188,-0.00950923,-0.00145864,-0.01641021,-0.00807379,-0.00326017,0.01407426,-0.00899174,-0.00023478,-0.00534539,-0.01528830,0.00318372,0.01188441,-0.00393017,0.01373248,0.00358395,0.00988031,-0.01923639,0.00227420,0.01218955,-0.00354424,-0.00623463,-0.00178034,-0.00684174,-0.00160495,-0.01263999,-0.00853817,0.00454283,-0.00649457,-0.00081763,0.01276092,-0.00260202,-0.01411939,-0.00318010,0.03299418,-0.00031656,0.00073796,-0.01398512,-0.00591776,-0.01504986,-0.00547926,0.00048601,0.01115377,0.02702606,-0.00835726
-0.01826798,-0.00339472,-0.01176914,-0.01628534,-0.00218892,-0.01949811,-0.00791260,-0.01475748,0.01844212,0.01323698,-0.00189809,-0.01009208,-0.00142653,0.01799948,0.05456935,0.02722075,-0.02317621,0.02421487,0.00712733,0.00880134,0.01935250,0.03548485,0.00206464,-0.02938568,-0.02931414,-0.01545378,-0.00910765,0.00779324,-0.01480420,0.00205513,-0.02818328,0.00945757,0.00623445,-0.03202991,0.01291088,-0.00922429,0.01600766,-0.00485717,0.00421734,0.01334439,0.00324337,-0.00315286,0.00972931,-0.00178233,0.01599010,-0.01379405,0.02408731,-0.01312165,0.02353146,0.02933513,-0.00755559,-0.01314702,0.00275467,0.02489430,-0.00660758,0.00696223,-0.00932032,0.00952066,0.01285406,0.00718138,-0.00012756,0.03046303,-0.00401489,0.00017794,-0.03783572,-0.00699203,0.02990427,0.02868926,-0.01664941,0.01663163,0.02073197,-0.00975254,0.02914691,-0.02143740,-0.01315643,0.00617271,0.01157464,-0.00056825,-0.05361328,0.00565785,-0.00058262,-0.00588612,-0.01935892,0.00131783,-0.00660858,-0.03213311,-0.00360832,-0.00245534,-0.02314797,-0.02033207,-0.00929649,0.01688014,0.00044803,0.00318513,0.00996834,0.01240510,0.00223006,0.00338933,-0.01028283
0.00285759,0.00073647,-0.00446184,-0.00906890,-0.00532098,0.00364382,0.00262172,0.02433293,0.02336707,-0.00244710,-0.00612050,0.01589837,-0.00547341,0.00000703,0.00513558,0.00535236,-0.01902338,-0.00985599,0.01128106,0.01385998,0.00274900,0.01201695,0.01084832,-0.00070409,0.01697030,-0.00452096,-0.00689500,0.00739268,0.02999996,0.00901722,-0.00622343,0.01876806,0.00791553,-0.04605810,-0.01325036,-0.01164410,-0.01754394,-0.00404461,0.02771204,0.00600557,0.01226900,-0.00638667,0.02548703,0.00973242,0.01783156,-0.00729980,-0.01669275,-0.02307540,0.02644407,0.01051484,0.00361326,0.03426674,0.00581961,0.02109698,0.00903715,-0.00489585,0.01472605,-0.00356141,-0.01394291,0.00253420,-0.00549645,-0.02360582,-0.01212467,-0.00240771,0.00472804,-0.01109006,0.01601526,-0.01283563,0.00324139,-0.02237697,-0.00316673,-0.01701595,-0.00576719,0.01441392,-0.01120301,-0.00911242,-0.01386454,-0.02717001,0.00164817,-0.00226428,0.01278025,0.01626575,-0.03568523,0.00106389,-0.01952593,-0.02588144,0.01306132,0.00665261,0.02664045,-0.00205033,0.01888522,-0.00458357,-0.00184516,0.00277234,0.01828766,-0.01431157,-0.00185469,-0.00091310,-0.01225088
0.00612886,-0.00662776,-0.00400181,-0.00079566,0.01996670,-0.00549646,-0.00543404,0.00907840,-0.00926597,-0.00429420,0.01643547,-0.00309788,-0.01579347,0.01199008,-0.03937925,-0.00157813,-0.01905428,-0.01054976,0.01507343,0.00738717,-0.03484707,-0.01695948,0.01162684,-0.02514206,-0.01885844,-0.01346423,-0.02116000,0.00220076,-0.02771291,0.01064929,-0.07330716,-0.00844682,0.01271548,-0.00400376,-0.00731068,0.02096013,0.00684050,-0.00909663,0.02218759,0.01000919,-0.01165688,-0.02159623,0.02179437,0.01130117,0.01444218,0.00699784,0.01668086,0.00533954,-0.00498136,0.03093950,0.01462143,0.02210683,0.00878035,0.00585578,-0.00361149,-0.00846339,-0.00333596,-0.00670204,0.00582067,0.02387833,-0.00772244,0.01794977,0.00397755,-0.02010916,-0.00462426,0.00798403,0.00619010,-0.00487068,-0.00199973,0.01625401,-0.01188664,-0.00973563,0.00230172,0.00206999,0.01279421,0.00991562,-0.02237755,0.00017067,-0.01831246,0.00824401,-0.03007690,-0.00074962,-0.02066070,-0.01223786,-0.01735932,0.02466804,0.00052538,-0.01016080,0.00737749,-0.00083343,0.02298116,-0.00588263,0.01493203,-0.01257307,0.00918552,0.00519565,-0.02107884,0.02178963,0.01020941
0.00319930,-0.00286386,0.03394495,-0.00658168,0.00452352,0.00420631,-0.00304448,0.01445304,-0.02522658,0.00198998,-0.02364368,0.00192379,0.02254470,0.01303784,0.05987293,-0.01978461,0.01457776,-0.03298688,-0.01495553,-0.05557865,0.01126711,-0.03274043,-0.01233687,-0.03622267,-0.00726638,-0.02593936,-0.01299625,-0.00947424,-0.00808638,0.00056061,0.00289985,0.00065071,-0.02579013,-0.02053913,-0.00887493,0.03780190,-0.01883346,0.00420274,0.00152670,0.03101915,0.00152484,-0.02583652,-0.04299136,-0.00100738,-0.03304896,0.01392681,-0.06113249,0.01359132,0.01092936,0.02115614,0.04701007,-0.00703736,0.00447233,0.00920218,0.03539895,0.00785216,-0.00376642,0.01589561,0.01104433,0.00107451,0.00447704,-0.01746688,-0.00016759,-0.00872269,-0.02891860,-0.01107899,-0.01379482,-0.00736099,-0.01559149,-0.01678055,0.02070690,-0.00429353,-0.00186391,-0.01299087,-0.01404466,0.01509246,-0.00170127,-0.01106252,-0.01381560,-0.00871489,0.00457607,-0.00440052,-0.00303182,-0.00368367,-0.00390271,-0.07297960,-0.00161044,-0.01759570,-0.00184779,-0.02443926,0.00839041,-0.00437407,-0.01884775,-0.00645770,-0.00131089,0.00180017,-0.00237498,0.00360223,-0.00270062
0.00053250,-0.01152344,0.00633104,0.00625214,0.01192890,-0.01905827,0.01044915,0.02571527,0.01928121,0.01538911,0.00007362,0.00375146,0.00098006,0.00917632,0.01144476,-0.03542308,0.02030556,0.01153616,-0.00926424,-0.01675384,0.01769006,-0.01112475,0.02430308,0.03516615,0.01598031,-0.03564136,0.01848924,0.02168487,0.02009320,0.01875138,0.01072466,-0.00077469,0.02608275,0.01908136,0.00814601,-0.00533642,0.00368199,-0.00964461,-0.02547908,-0.00631310,0.00511372,0.00004587,0.01426161,0.02358710,0.01604679,0.01150762,0.00500330,0.00509470,0.02456360,0.00871787,-0.01389949,-0.01095164,0.01229780,0.01306954,0.00990950,0.01165730,0.00832354,0.02419776,-0.01763552,0.00093820,-0.00440190,0.00138771,0.00556395,-0.00849353,0.01889486,0.00733937,-0.01507571,-0.01153074,-0.00076760,-0.02813758,-0.00035495,0.00324848,0.00485284,-0.00830778,0.03891015,0.00782764,-0.01305220,0.00474752,-0.02588983,0.01692780,-0.00118128,-0.00293207,-0.00122314,-0.00200400,-0.01146051,0.01420484,-0.01235164,0.01802826,-0.03268255,0.00559327,0.00542473,0.01707893,0.00046187,-0.01279788,-0.00503554,-0.01358512,0.03453214,0.03296373,0.00126300
0.00177758,-0.01689538,-0.00064298,-0.02815670,-0.00110414,-0.00468192,-0.01935351,-0.00708601,0.00963473,0.01467833,0.00379338,0.01591007,0.00497736,-0.00219870,-0.05034557,0.00920809,-0.02898950,0.02568961,-0.01568649,-0.02667607,-0.00745765,0.00555580,0.00777428,-0.01423986,-0.01921521,-0.01028907,0.01563104,-0.00422703,-0.02662963,0.01098545,-0.00329737,0.02569871,-0.01496942,0.01932223,0.01225403,0.00656428,0.00107037,-0.01525100,-0.00228720,0.04385148,0.00027481,-0.00555013,0.01754664,0.00183597,0.00104813,-0.00573156,0.02021355,0.00376003,0.00334859,0.01622772,-0.00838442,0.00395580,0.00142173,-0.02052230,0.00431479,0.00270476,-0.00417666,-0.00472589,-0.00732166,0.00771147,-0.00271118,0.01816696,-0.00852326,-0.02085729,0.00688452,0.01564456,0.00527880,-0.01657348,-0.02971582,0.00809281,-0.00707788,0.02906265,-0.00344427,-0.00480272,0.02609760,0.00561981,-0.02069754,-0.00637364,-0.04878374,0.00039782,-0.00674513,0.00178114,0.01728890,0.00463620,-0.01480533,0.00346458,0.01729218,-0.01843821,0.01461250,-0.00968175,-0.01847340,-0.00287515,0.02499808,-0.00089430,0.01350046,0.00280878,0.01407535,-0.00517493,-0.01938488
0.00976401,0.00413965,0.00125928,-0.02385726,-0.00844831,-0.00187202,-0.00527352,-0.02591432,0.04369421,0.00068454,-0.00274399,0.00022312,0.00129000,-0.00209022,0.01463751,-0.01393870,0.01956342,0.00957507,-0.01064090,-0.00284317,0.01393395,-0.01964292,-0.00038463,0.01080838,0.00827036,0.00895377,0.00071075,0.01891068,-0.02483353,0.00526747,-0.02457162,-0.00080545,-0.03059983,0.01719424,-0.01642971,0.00094036,-0.01070184,-0.01334965,0.00347316,-0.00877859,0.00515466,0.00912276,-0.00703254,-0.01495633,-0.01829883,-0.00276124,0.02514067,-0.00272692,0.01022786,0.00745002,-0.00655661,-0.02022571,-0.01728982,-0.05835368,0.02198640,-0.01678865,-0.00557611,-0.02037375,-0.01714542,0.02919159,0.01945151,-0.02461893,0.00064596,-0.02482783,-0.02694001,0.00935169,0.02139701,-0.01340150,0.00467229,0.00851216,0.01474731,0.01484404,-0.00217361,0.01599221,0.02809828,0.00015166,0.02061526,0.00446691,0.00946493,-0.00388545,0.00202233,0.02079647,0.00362895,-0.02308087,0.00858453,-0.00525364,-0.01023590,-0.04317014,0.02134863,0.01146336,-0.01710808,0.00317792,-0.01268052,-0.01164238,-0.01822525,-0.01114941,-0.01406901,-0.00095645,0.00228029
0.04033882,-0.01322040,-0.00732638,0.00998697,-0.01234176,-0.02155721,-0.00033235,0.00704748,0.00586285,-0.00356245,-0.00628303,-0.00572165,-0.01072871,0.00263661,0.00320970,-0.03123949,0.03783176,-0.00666459,0.00931418,-0.00848616,0.03543156,0.00462586,0.02135159,0.00612816,0.04094661,-0.00577238,-0.01478746,-0.01448056,0.05411271,0.00949403,0.01771853,0.00162065,0.00440388,-0.01995496,0.00180051,0.00750935,-0.01164819,-0.00522621,-0.01152978,-0.01110259,-0.01061056,-0.03049328,0.02659249,0.01311936,0.00629517,-0.00359521,-0.02336681,0.00991925,-0.01644373,0.02243351,0.01204944,0.02930542,-0.02735253,0.00183551,-0.00899993,0.02416708,-0.00999598,0.02219752,0.01132828,0.00108748,0.01055428,0.01753302,0.00931207,-0.01009873,0.01021622,-0.01553039,-0.01492799,0.00329857,-0.01191593,0.01314323,0.00954553,0.00648769,0.03388175,-0.00230895,-0.01222262,0.00969042,0.00883233,0.00305017,0.03627236,0.01299194,-0.00254232,-0.00926990,-0.01878695,0.01848714,-0.01849835,0.00256895,-0.00614078,-0.00754241,-0.02705750,-0.00351417,0.01695924,0.00557521,-0.01398866,-0.00511244,0.01950310,-0.02280759,0.00304074,0.01728608,0.00551172
-0.00131031,-0.00644517,-0.00656312,-0.01734428,-0.01937571,-0.01153088,-0.00262599,0.02194681,0.04086479,0.01418374,-0.01592449,-0.00675816,0.03276269,0.01799070,0.01782780,0.00141056,0.01465965,-0.02759827,-0.00040561,0.01340185,0.01612031,0.00002331,-0.00376511,-0.02883422,-0.00119888,-0.02910711,-0.01060809,-0.01345339,-0.00707140,-0.00828568,0.01340422,0.01527678,0.00496481,0.02719684,0.01525023,-0.00986540,-0.00732276,0.01480635,-0.04432428,0.00455733,-0.01209580,0.01488935,-0.02552365,-0.00597797,0.00246380,0.00398538,-0.00351629,-0.02192782,-0.00471304,0.03124485,-0.01294625,-0.00279714,0.00920152,0.02345503,0.02692081,0.01202617,-0.00364825,0.03596215,-0.00667570,-0.00786501,0.00532465,0.00660178,0.01852203,-0.00692919,-0.00716800,-0.01051154,0.00707769,-0.01594289,0.00736094,-0.01702107,-0.02490508,-0.02984935,0.01974726,0.00688406,0.00047795,0.02322168,0.00197115,-0.00120926,-0.01826920,0.02807630,0.01154886,-0.01476963,-0.02035998,0.01154776,-0.01088769,-0.02518217,-0.02547583,0.01960093,-0.02553259,-0.00370722,0.00765155,-0.02212570,-0.00940067,0.00021604,-0.00593975,0.01618795,-0.00268065,0.04667242,-0.02223252
-0.02383606,0.01616804,0.00731827,-0.02544356,0.02170241,0.00151942,-0.01158236,0.00195106,-0.00206049,0.00134963,0.01221632,0.00272208,-0.02076368,0.01327888,0.01688542,0.04356690,-0.01074374,0.00909152,0.03445155,-0.03146062,-0.01698191,0.00275543,0.01969658,0.00555484,0.01982633,0.01436801,0.00067983,0.01781629,0.05445049,0.01420965,0.02074542,0.00784283,0.01111413,-0.02683850,0.00956256,-0.00080663,0.00539606,0.01591215,0.01269966,-0.00976129,-0.00018598,-0.01292608,0.00451194,0.00815119,-0.01452025,-0.00809385,0.01599503,0.00141654,-0.01837172,0.02806697,0.01195094,0.02042612,0.02662239,-0.04116584,0.03124191,-0.02265649,-0.00654412,-0.02257971,0.01482048,0.00516964,-0.00106024,0.00657647,0.02761510,0.04323471,-0.00404688,-0.00661229,0.02158852,0.03983136,0.01504132,-0.01660536,0.01329723,-0.01544432,-0.00579594,0.01601736,0.00375916,0.00436689,-0.00146698,-0.00553643,0.00038781,-0.00018944,0.01446488,0.00915132,0.02051409,0.00547520,0.01089482,0.02497177,-0.00632342,0.00258123,-0.00754615,0.01156644,-0.01147291,0.01597571,0.00083766,-0.00226724,0.01243629,-0.01204623,-0.00287187,0.00939482,-0.00299228
0.00118707,0.01075162,0.01861957,0.00279426,-0.01147293,-0.00659705,-0.03123427,0.03498151,0.00598900,0.01649807,-0.02192284,0.00920972,0.00048351,-0.00119972,0.01515856,0.00126392,-0.03635657,0.00675632,-0.00231080,-0.02561652,0.00408668,0.03255357,0.00099514,0.00714938,-0.03179460,-0.01744343,-0.00844683,0.02703674,-0.00820605,-0.01137300,0.00635847,0.00286313,0.01114810,0.02358581,0.01198822,-0.01427745,0.01197551,-0.01600435,0.02612377,-0.04504435,0.03589453,-0.00645608,-0.01561181,0.00247503,-0.00100080,0.00231820,0.02430107,-0.01653632,0.00460304,0.01840756,-0.03537554,0.00519028,-0.00358485,-0.01912495,0.00264896,-0.01674037,-0.01007190,-0.01022016,0.03783854,-0.00341282,0.00991183,-0.00042091,0.01214206,0.01265202,-0.01807380,-0.00000704,-0.00008304,-0.00376043,0.00625222,-0.01241941,0.00104499,0.00031683,0.00177683,0.00536245,-0.01827415,-0.00380195,0.01248435,0.01193313,0.00791781,-0.00379786,0.00429908,0.00301334,0.01303988,-0.00075724,-0.00072433,-0.00151018,-0.00731065,-0.02072100,-0.00129657,-0.01100005,0.01076263,-0.00198196,-0.02176071,-0.00712828,-0.02120942,-0.00126087,-0.01950541,-0.01288144,-0.00141476
0.01359559,-0.01166287,0.00098297,-0.00435532,0.00112242,-0.01376868,0.00586681,-0.00833649,-0.01959321,0.00513657,0.00439231,-0.00585099,-0.01171898,0.00059482,0.00539437,-0.01424323,-0.04118601,-0.00829261,-0.00828125,-0.01130727,0.01354255,0.02303295,-0.02090809,0.00303658,0.03167533,-0.04452625,0.00198231,0.01053012,0.00578364,0.00681510,-0.05843693,-0.02372970,-0.02037983,0.01434517,-0.00976352,-0.00138173,0.00269067,-0.01013231,0.05071083,-0.01946352,0.00212660,0.00603146,-0.00068251,0.03177774,0.02165074,0.00048619,0.00090998,-0.02598527,0.01047488,0.03494105,-0.01770019,-0.00179068,0.05764057,-0.06544897,0.00355599,0.00339596,-0.00363843,0.03679406,-0.00533627,-0.02007553,-0.00271206,0.01253676,0.00503288,0.01355721,0.00779770,0.00081603,0.01223160,0.04215625,0.00434852,-0.00510378,0.00163267,0.01766849,0.00492908,-0.00617704,-0.00762383,-0.00301189,0.01508414,-0.00441401,-0.00127924,0.00680821,-0.01289428,0.00370501,-0.00442183,-0.01704294,0.00341479,0.01055635,-0.01059867,0.00549782,-0.01110287,-0.02016258,-0.02919189,0.02902059,-0.01711670,0.00043242,-0.00057867,0.01974767,0.00328796,-0.03202525,-0.00465644
0.00728293,0.00140951,0.03683520,0.01143000,0.01354063,0.00235866,0.02402269,-0.00521939,-0.01949000,0.01113605,-0.01627575,-0.00706226,0.02284662,0.02171610,0.00125106,0.00460894,0.01130576,-0.00052504,-0.00959557,0.00687730,0.01711442,-0.01855674,0.00235783,0.00027288,0.00079524,-0.00644264,0.00635522,-0.01781119,0.05424016,0.00138673,0.01594744,-0.00819971,0.00394252,0.01976315,0.01344015,0.00454002,0.02617210,-0.02414233,-0.01879041,-0.01342341,0.01479211,-0.01179612,-0.00492479,-0.00447923,0.02019091,0.00845066,-0.01235939,0.01331202,0.05252878,0.01091705,0.00122478,0.01370159,-0.00534870,-0.01825232,-0.00716145,0.00667112,0.02036749,-0.00409077,-0.00890586,0.01248187,0.01622176,-0.00262259,-0.01732225,-0.00680847,0.00559287,-0.01275248,0.01450982,-0.01169786,-0.01552681,0.01257691,0.00148702,-0.00413323,-0.01087058,-0.00207448,-0.00755850,0.00201137,-0.01130706,-0.01743121,0.02906658,-0.00874342,-0.00273220,0.02173484,0.00971086,-0.00017073,0.03556853,-0.03349848,-0.00081226,-0.00735041,-0.02808184,-0.00327912,-0.00765136,0.00735123,-0.02345289,-0.02525294,-0.02275329,-0.02566986,-0.00237154,0.02105953,-0.00226356
0.02526192,-0.01883158,-0.00193717,-0.04176731,-0.00298419,-0.00868258,-0.00272584,-0.02973902,0.04288461,-0.00248159,0.01416123,0.00861154,-0.00812921,-0.01234537,0.01910362,-0.01826931,0.01405950,0.01188115,0.00042461,-0.00852022,-0.00347358,-0.02257673,0.02624151,0.01194554,-0.00349855,0.01423189,0.00604992,0.01839516,-0.01254020,-0.01278009,-0.01629873,0.00532088,0.00570123,-0.03933805,-0.00514769,0.02735662,-0.01970482,-0.00192759,-0.02501631,-0.00955940,-0.01123913,-0.02714776,0.00690802,-0.00014869,0.00325424,-0.01096457,0.01660453,-0.01526043,-0.03441169,0.02667107,-0.01097760,0.01027535,0.04776967,-0.04128855,-0.03227140,-0.00626041,0.01652262,0.03884475,0.02507958,-0.02571853,0.01362935,-0.02916458,0.00418847,0.03248341,-0.00427073,0.01015862,0.00233395,-0.03284959,-0.00230825,-0.02096510,-0.01513208,0.00652481,-0.01041788,-0.01106246,0.01079285,0.01109301,-0.00410467,-0.02062155,0.01339972,-0.02001008,-0.03490056,-0.00296521,0.01562212,0.00572299,-0.01833840,-0.02127632,-0.00222089,-0.00438916,0.02206234,-0.02555539,0.00485080,0.00802902,-0.00069539,-0.00568432,-0.00472355,0.02408562,-0.00685768,-0.00599438,-0.01895385
-0.01371952,0.01074001,0.00010552,-0.02819734,-0.01654715,0.00316385,0.01520453,-0.02461945,-0.00172444,0.02157935,-0.00426808,0.01168222,0.00884747,-0.01959631,-0.04990953,-0.01420014,0.04133721,0.01361520,-0.02521231,0.00915633,0.01253176,-0.01807312,-0.00774712,0.01021169,-0.00626238,-0.00168133,-0.00477097,-0.01103047,-0.02258318,-0.01056523,-0.00073502,0.00129063,0.00618670,0.03558733,0.01443296,-0.00897569,0.02004261,-0.00751464,0.00051391,-0.03687384,-0.00902576,-0.00443039,0.01142461,-0.00056008,0.00657853,-0.00908907,0.00508826,0.00188978,0.00346861,-0.00286789,0.02007887,0.00203933,-0.00100930,-0.07388553,0.01121913,0.00250403,0.02144997,-0.00235012,0.00331227,-0.01496573,0.01238005,-0.00143252,0.02081098,0.00607053,0.01379936,0.00592420,0.03139351,0.00803974,-0.00909065,0.00420511,-0.01075631,-0.02040733,0.00205139,-0.00347431,-0.01367656,0.01565329,-0.00204617,0.00488493,0.05113018,-0.01232884,0.00979056,0.01381764,-0.03346332,-0.01457586,-0.02541649,0.00786448,0.00162930,-0.02341582,0.03796118,-0.01537700,0.02840117,0.00436880,-0.00042876,-0.01102877,0.00771705,-0.01501945,0.01612581,0.01010817,-0.01946198
0.00027907,-0.00230902,-0.00339297,0.00634147,-0.00720367,0.00710675,-0.03831605,0.00583432,-0.00065586,-0.00779193,0.02487505,0.01668903,-0.02436051,-0.00819716,-0.01770762,0.00109361,-0.02650556,0.01129671,-0.02442977,-0.00503718,0.00338122,-0.01281170,0.00328838,0.01398030,-0.03060018,-0.02318207,-0.02859405,-0.01342658,-0.00496547,0.00192372,-0.01191719,-0.00329129,0.00825236,0.00499616,-0.01319699,0.00708259,0.01113452,0.00300943,0.01346455,-0.01596329,-0.00935500,-0.02361346,0.01497395,-0.00253109,0.00318442,0.00517430,-0.00526509,0.00772098,-0.00042614,0.02352112,-0.00005679,0.00445925,0.02389330,-0.02701800,-0.03539663,0.00886810,-0.00005943,0.00780941,0.01027352,-0.00709640,-0.00217121,0.03754230,0.01313694,0.00741137,0.00845756,-0.00259691,0.01300835,-0.01231931,-0.00708066,0.00255252,-0.00059095,-0.01411764,0.02370449,-0.01335832,0.00937725,0.00472408,0.01082381,0.00106794,0.00443383,0.02230599,0.00337881,0.03141241,-0.01542906,0.01017578,0.01863091,0.05835794,0.01000213,0.00532943,-0.01073640,0.01289875,0.00281871,-0.02265507,0.01265053,-0.00798743,0.00020926,-0.00759077,-0.01899021,-0.01774325,0.00693945
-0.01679822,0.00946842,-0.01186703,0.00663124,0.02980284,0.00784251,0.00642344,-0.03338002,0.00111703,0.01239661,0.01603266,0.00224364,0.00461104,0.02545610,0.00832012,-0.03386471,-0.03730913,0.02258962,0.00181989,-0.00136868,0.01494772,0.01519826,0.00230880,-0.02854041,0.00665238,-0.02173509,0.00293347,0.00443161,0.01700284,0.00119500,-0.03678822,0.01101701,-0.00729383,-0.00052527,-0.02059752,0.03035564,0.00196589,-0.00984206,-0.01137158,-0.01406217,-0.00553338,-0.02779490,-0.02933791,-0.01390858,-0.03153909,0.00318114,0.01771576,-0.00275761,-0.03213076,0.02305621,-0.01030379,0.02273235,-0.00876834,-0.01425245,0.00335232,0.00822345,0.00483092,-0.02381475,-0.01475155,0.01592573,-0.00439332,-0.00282132,0.01426412,0.00615581,-0.02801473,-0.00630392,0.01212130,-0.01641677,0.01525368,-0.01062630,0.01408959,-0.00471492,0.00393887,-0.01137763,0.00248259,0.00596460,-0.00253576,0.01391358,0.01132086,-0.00933655,0.00218319,0.00664823,-0.01315758,-0.01979787,-0.01158427,0.01490342,-0.00018491,0.00163664,0.02524758,-0.01072663,0.01749507,0.00018431,-0.01687799,0.00479782,0.00198047,0.01272146,0.00575402,0.03795803,-0.01940496
0.02037045,-0.00021863,-0.00070281,0.01026007,0.01150319,0.00076776,0.01219727,-0.00131775,-0.00479006,-0.00577426,-0.03358026,0.00538581,0.01376929,-0.01192664,-0.01772897,-0.00191852,-0.01355447,0.00565819,0.00663898,0.00163020,-0.00592224,-0.00664157,-0.01289538,-0.04083419,-0.02276495,0.01445013,-0.00641176,-0.00481949,0.01130393,-0.00562442,-0.02501065,0.03634264,-0.00460241,-0.02667322,0.02658663,-0.00037942,0.02651980,0.01002809,-0.00746726,-0.01618871,-0.01746917,0.01416723,-0.00287502,-0.01470098,-0.00601136,-0.01127175,-0.00266046,-0.01716773,-0.00506738,0.00844102,0.00102765,-0.00861463,-0.01263355,-0.01187217,0.00019347,-0.00945357,0.01433094,-0.03912274,0.00502711,0.00860405,0.02704216,-0.00177779,-0.01012966,0.01420979,0.00932545,0.00279135,-0.00591483,-0.03095714,-0.00140804,0.01120812,0.01051372,-0.03144699,0.00891233,0.00516195,-0.00810293,-0.00063187,0.00468379,0.01721537,-0.00319293,0.00384721,-0.00944408,0.00545779,-0.02155905,0.02230433,0.00448234,0.04747438,-0.00213865,-0.02065820,-0.00078351,0.00140049,-0.00933083,0.00047096,-0.00518220,0.00989270,-0.01303127,-0.00404489,0.00396593,-0.02093159,-0.02089338
0.00356368,-0.00781395,0.01055970,0.00774972,-0.01388808,-0.00384051,0.01624329,-0.00081583,0.00169973,0.02013553,0.03603564,0.00507983,0.00643976,-0.00888526,0.00452710,-0.00942030,-0.05844110,0.01214473,-0.01338817,-0.03955558,0.01002471,-0.00730266,-0.01205953,-0.01312779,-0.02434456,-0.01561150,-0.01701088,0.01377881,0.01001391,-0.00183859,0.03863716,0.00038894,0.00320612,-0.01656765,0.02755550,-0.03372812,-0.01340151,0.00439560,0.05044783,-0.00893462,0.00688060,0.00221036,-0.00477611,-0.00370291,0.04312262,-0.01936235,0.01724082,0.01870316,-0.01415425,0.02190785,0.01413413,0.04373309,0.00546124,-0.01391180,0.01009852,0.02294503,0.00416274,-0.00424886,-0.00097970,0.02460905,-0.02319703,-0.02278513,0.01690213,0.00382751,-0.00191541,-0.00381366,0.01977117,-0.00669886,0.00090593,0.01892501,-0.01102071,0.00835359,0.00183673,-0.00875653,-0.03180365,0.00541083,-0.00100210,0.00258418,0.02272766,-0.03000322,0.02884055,-0.01927586,-0.01077753,0.00172930,0.00155834,0.06021710,-0.00736723,0.01673540,-0.04545438,-0.03632895,-0.01381912,-0.00581433,0.00247889,0.00530731,-0.00323958,-0.00519066,-0.02950061,-0.02993672,-0.02175383
-0.03611215,-0.00628792,-0.01253338,-0.00065144,0.01057869,-0.00174753,-0.00542225,0.01557152,-0.02945284,-0.00947045,0.00837327,-0.02141280,-0.02650889,0.00503651,-0.02686411,-0.00830974,-0.03518059,-0.00417525,0.00514116,0.00689111,0.01039849,0.02472903,0.00360371,-0.00275611,-0.01131353,-0.02712666,-0.00364893,0.00954045,-0.00108259,-0.01317139,-0.02149644,0.01040403,-0.00437927,-0.00566988,-0.00655938,-0.02494390,-0.01618238,-0.00207977,-0.04474133,0.01497307,0.00792717,0.00683388,0.00589214,0.00051567,0.00885928,0.00766835,-0.00490208,-0.02894098,0.00806993,0.01285458,0.02628284,0.01071016,0.01212926,-0.00344517,-0.02637094,0.01822278,-0.00877557,0.00473615,-0.00067969,0.00845828,0.01577641,0.05210981,-0.01866321,0.00345696,0.03287036,-0.00030540,0.00298622,0.02220650,-0.00455187,0.01729544,-0.00054502,0.01358090,0.02610955,-0.00003948,-0.01506210,0.00179575,0.01161479,-0.01318996,0.00978476,-0.02023673,0.02826355,0.02592030,0.00808839,-0.00029763,-0.00315183,-0.00592549,-0.01031723,-0.00113158,-0.05336132,0.00716884,-0.01588124,0.00306761,0.00171092,0.00697659,0.02043708,0.02061808,0.01673112,0.01877947,0.00648973
-0.01533889,-0.00749353,0.02172854,-0.01080927,0.01255699,0.01860026,0.01611953,0.02544289,0.01494161,0.02546916,0.01143091,0.01324175,-0.01436747,0.00361786,-0.01023470,-0.01637139,0.07113049,-0.01376088,-0.02517897,-0.00703562,-0.01956566,0.00285776,0.00776539,0.01804151,0.01184063,-0.02461748,0.01718496,-0.00259529,0.06789536,-0.01287514,0.04685294,-0.00434821,0.00124589,-0.00550530,-0.03386261,0.00365139,0.01294209,-0.00921972,-0.01533762,0.01655032,-0.00233958,0.01255382,-0.01280519,-0.00478043,0.02417873,0.00310631,0.01179612,-0.00104438,0.00022088,0.04369149,0.01688932,0.00770653,-0.00139180,0.04828925,0.03661677,0.01062153,0.00278353,0.01279405,-0.00785277,-0.00283301,-0.00210153,-0.03395039,-0.01003140,0.01544588,-0.02412598,0.00130229,-0.00197185,0.00207416,0.00888648,-0.00540577,-0.00813032,0.01016248,0.00404298,-0.01336158,-0.03964677,0.00379739,0.00957535,0.00403942,-0.00175388,0.01829380,0.01647680,-0.00788679,-0.01086437,0.00652408,-0.00473008,0.03567664,0.01987831,0.02025705,-0.00382469,-0.01507264,0.02420130,-0.00767339,0.00044339,-0.01191067,-0.02310176,0.00795834,0.00436383,-0.02348549,0.00609928
-0.00068462,0.00158053,0.01653628,-0.03025427,0.03377936,-0.01150439,-0.00870324,0.01329609,-0.01097523,0.02499185,-0.00076782,0.00950465,-0.00215652,0.01466054,0.00441474,0.01952848,0.01086645,0.00967885,-0.00168897,0.00827877,-0.00314060,0.00850749,-0.00936663,0.04547941,-0.02419855,-0.01078202,-0.00680048,0.01127861,0.03676735,-0.00106483,0.01273207,-0.02025708,0.00656881,0.04743321,-0.02036241,-0.00529737,-0.00706289,0.02418721,-0.03035645,0.00347183,0.00036749,0.00770349,-0.01447526,-0.00438840,-0.05577287,-0.00103800,0.04805277,0.02577908,-0.01749175,0.01779367,0.01468055,0.01497201,-0.02672711,-0.01717689,0.01045315,-0.00881084,-0.01346172,0.02821638,0.01288388,-0.02580351,0.01571254,-0.00144701,0.01142035,-0.00160698,-0.00044367,-0.01048409,-0.03390223,-0.00321509,0.00010445,0.00628012,0.00554324,-0.02542438,-0.02653667,0.01322250,-0.00677129,-0.00485653,-0.00497995,0.01092584,0.00290091,0.00733222,-0.01727119,0.01429768,0.01758270,-0.01382789,0.00430682,0.00029141,-0.00066721,-0.02435246,0.05708062,-0.01128573,0.00271421,-0.00009911,-0.01315362,-0.02531855,0.02947521,0.00707442,-0.00834152,0.01913832,0.00962732
-0.03520176,-0.01162713,0.01587611,0.02805051,0.01494583,0.01924720,-0.02286770,0.05712488,0.01747734,0.01479005,0.02248002,0.00457526,0.01240881,0.01580145,0.01918777,-0.02470786,-0.02463390,0.00855050,-0.02453416,0.02857600,-0.00228259,-0.02721172,0.03428755,-0.01791640,-0.01308527,0.01778390,-0.00676587,0.03392434,-0.01310212,-0.01695150,0.03309512,-0.00614619,0.01113644,-0.00164201,-0.01126351,-0.00856922,-0.01018246,0.00007854,-0.00719368,0.01930014,0.01315843,-0.01159399,-0.01921444,0.00781436,-0.00664486,0.00757756,-0.01089044,0.01987106,0.00618356,-0.03342361,0.03473082,0.00308913,0.01005748,0.04226081,-0.00431707,0.01344771,-0.00694994,-0.00594693,-0.00376327,-0.00465303,0.01220932,-0.00970321,-0.01396555,-0.03595900,0.01181010,0.02344912,0.00425590,-0.00635347,-0.02259780,-0.00732238,-0.00769907,-0.00259898,0.01654087,0.00124773,-0.00428512,-0.00271671,-0.00898850,-0.02193669,0.02908697,0.00195860,-0.00840445,0.02488742,-0.00861739,0.01723036,0.00810760,-0.02036718,0.00044096,0.01657650,0.01357567,0.01083016,-0.01082244,0.00497287,0.00224220,0.00005896,0.01319076,-0.00062768,-0.00077344,0.00767090,-0.01498967
